group,mean_score,sd_score,var_score
LDP,1.1944444444444444,0.8886408384057869,0.7896825396825398
Other,0.8888888888888888,0.9791476695218951,0.9587301587301583
