statistic,value
log_or_estimate,-0.746298953869199
se_log_or,0.442170436120934
z_statistic,-1.68780834923366
or_estimate,2.1091793830821
or_lower,1.01910886783685
p_value_one_sided,0.045724012177039
decision,Reject H0
