statistic,value
or_estimate,2.05658152075209
or_lower,0.974520935820182
p_value_one_sided,0.0561258467764934
z_statistic,-1.58815323227273
log_or_estimate,-0.72104514843372
se_log_or,0.454014848052079
decision,DO NOT REJECT H₀
