group,os_score,n,proportion
LDP,0,8,0.2222222222222222
LDP,1,16,0.4444444444444444
LDP,2,9,0.25
LDP,3,3,0.08333333333333333
Other,0,17,0.4722222222222222
Other,1,8,0.2222222222222222
Other,2,9,0.25
Other,3,2,0.05555555555555555
