contrast,estimate,SE,df,z.ratio,p.value,odds_ratio,or_lower,or_upper
Other - LDP,0.7210451484337201,0.45401484805207876,Inf,1.5881532322727276,0.11225169355298673,2.0565815207520908,0.8446575891003543,5.007387142527018
