group,os_score,prob
LDP,0,0.26166528883940204
LDP,1,0.3485703012970007
LDP,2,0.3028990926851113
LDP,3,0.086865317178486
LDP,4,NA
Other,0,0.42158115649286354
Other,1,0.3414459444680191
Other,2,0.19276215864900081
Other,3,0.04421074039011652
Other,4,NA
