n_institutions,n_per_group_per_inst,total_n,required_or,achieved_power
6,2,48,2.1390624999999996,0.7870722433460076
6,4,96,1.6640625,0.8157894736842105
6,6,144,1.5453125,0.8448844884488449
8,2,64,1.9015624999999998,0.8051948051948052
8,4,128,1.5453125,0.7905405405405406
8,6,192,1.4265624999999997,0.7712609970674487
10,2,80,1.7828125,0.8213166144200627
10,4,160,1.4859375,0.7993827160493827
10,6,240,1.3671875,0.7408536585365854
