n_institutions,n_per_group_per_inst,total_n,required_or,achieved_power
6,2,48,2.1984375,0.798
6,4,96,1.6640625,0.766
6,6,144,1.4859375,0.76
8,2,64,1.9015624999999998,0.788
8,4,128,1.5453125,0.774
8,6,192,1.4265624999999997,0.788
10,2,80,1.7828125,0.802
10,4,160,1.4859375,0.834
10,6,240,1.3671875,0.808
